keyword,category
AI 프로토타이핑 도구,AI
AI 에이전트,AI
AI Context Engineering 전략,AI
ChatGPT,AI
LLM Application,AI
생성형 AI,AI
Gemini,AI
Claude 챗봇,AI
AI 코딩 도구,AI
GitHub Copilot Chat,AI
RAG 기반 봇,AI
머신러닝,AI
강화학습,AI
객체 탐지 기술,AI
AI 실시간 추천 시스템,AI
Stitch UI 디자인 AI 도구,AI
바이브 코딩,AI
Cursor AI 코딩,AI
Windsurf AI 코딩,AI
GPU 서비스 개발 인프라,반도체
GPU 서빙 최적화,반도체
DBT,데이터
Airflow,데이터
Kafka,데이터
데이터 파이프라인,데이터
DB CDC 복제 도구,데이터
JuiceFS 분산 파일 시스템,데이터
오브젝트 스토리지,데이터
Apache Flink,데이터
BigQuery,데이터
벡터 DB,데이터
ScyllaDB Clusters,데이터
Trino,데이터
멀티 테넌트 데이터 격리,데이터
Iceberg CDC 환경,데이터
데이터 분석 라이브러리,데이터
마이데이터,데이터
Redis Test,데이터
MySQL online alter,데이터
CockroachDB,데이터
쿠버네티스,클라우드
도커 컨테이너,클라우드
서버리스 아키텍처,클라우드
AWS MLOps,클라우드
Terraform,클라우드
Istio 자동 배포,클라우드
Spinnaker 자동 배포,클라우드
EKS 쿠버네티스 포드 IAM 제어,클라우드
DevOps 문화,클라우드
Windows 컨테이너,클라우드
Vercel cname-china 설정,클라우드
Kubernetes CPU Limit,클라우드
컨테이너 기반 서버 배포,클라우드
API 연동 자동화,소프트웨어
마이크로서비스 아키텍처 (MSA),소프트웨어
DDD 아키텍처,소프트웨어
React 프레임워크,소프트웨어
Typescript 언어,소프트웨어
Go 언어,소프트웨어
PHP CMS,소프트웨어
Spring Framework,소프트웨어
JPA ORM,소프트웨어
Lambda Calculus,소프트웨어
Secure Enclave 기반 SSH 키,소프트웨어
OpenTelemetry,소프트웨어
GraphQL,소프트웨어
분산락 기술,소프트웨어
테스트 코드 자동화,소프트웨어
E2E 회귀 테스트 자동화,소프트웨어
웹폰트 서빙 Edge functions,소프트웨어
GitHub Action CI 속도 개선,소프트웨어
WireGuard VPN 서버,소프트웨어
zx 업무 자동화,소프트웨어
코드 품질 개선,소프트웨어
멀티플랫폼 문서 관리,소프트웨어
프론트엔드 개발,소프트웨어
Kotlin 언어,소프트웨어
Swift 언어,소프트웨어
ZIO 튜닝,소프트웨어
Unity Git Hooks,소프트웨어
Oxc 자바스크립트 타입스크립트 개발 도구,소프트웨어
Django Rest Framework,소프트웨어
모바일 앱 난독화,소프트웨어
iOS 탈옥 위험성,소프트웨어
미니 PC 서버 운영,하드웨어
